,Reach (15%),Engagement (15%),Network influence (20%),Bridging (15%),Brand fit (20%),Cost efficiency (15%),Suitability (0-100)
FitSara,0.548,0.652,0.185,0.87,1.0,1.0,69.749
TechNova,1.0,0.288,0.175,0.846,0.667,0.853,61.644
RunSmart,0.355,0.53,0.117,0.154,1.0,0.918,51.701
HealthInsider,0.333,0.227,0.516,0.0,1.0,0.0,38.733
ProCoach,0.086,0.152,0.566,0.659,0.667,0.0,38.098
ZenLife,0.075,1.0,0.119,0.0,0.333,0.712,35.858
DataDev,0.0,0.288,0.947,0.154,0.333,0.0,32.223
GadgetGuyX,0.183,0.0,0.94,0.64,0.0,0.0,31.139
PulseGuru,0.032,0.182,0.73,0.0,0.667,0.0,31.136
DrWearable,0.269,0.03,0.518,0.0,0.667,0.074,29.285
