post_id,platform,date,market,aspect,clause,score
101,Twitter,2025-01-02,Domestic (AU),Cancellations & Delays,SkyQuest cancelled my flight without warning,-0.388
101,Twitter,2025-01-02,Domestic (AU),Communication,SkyQuest cancelled my flight without warning,-0.388
101,Twitter,2025-01-02,Domestic (AU),Communication,"No email, nothing",-0.296
102,Twitter,2025-01-03,Domestic (AU),Cancellations & Delays,Waiting 6 hours for updates,-0.25
102,Twitter,2025-01-03,Domestic (AU),Communication,Waiting 6 hours for updates,-0.25
102,Twitter,2025-01-03,Domestic (AU),Customer Support,Support is not responding,-0.224
103,Facebook,2025-01-03,International,Refund Process,Refund process is confusing,-0.382
103,Facebook,2025-01-03,International,Website / Digital,Website kept crashing,-0.459
104,Facebook,2025-01-04,International,Crew & Staff,Crew were helpful,0.422
104,Facebook,2025-01-04,International,Baggage & Luggage,baggage was delayed again,-0.361
105,TripAdvisor,2025-01-04,International,Communication,Terrible communication,-0.477
105,TripAdvisor,2025-01-04,International,Cancellations & Delays,Nobody told us the flight was rescheduled,-0.296
105,TripAdvisor,2025-01-04,International,Communication,Nobody told us the flight was rescheduled,-0.296
106,TripAdvisor,2025-01-05,International,Crew & Staff,Great staff,0.625
107,Twitter,2025-01-05,Domestic (AU),Baggage & Luggage,Lost luggage for the 2nd time this year,-0.422
108,Facebook,2025-01-06,Domestic (AU),Refund Process,Finally received my refund,0.0
109,Twitter,2025-01-06,Domestic (AU),Cancellations & Delays,Unexpected delays,-0.361
109,Twitter,2025-01-06,Domestic (AU),Crew & Staff,pilot did a great job on landing,0.625
