post_id,platform,date,user_location,text,clean_text,language,is_bot,aspect,extracted_phrase,overall_sentiment,aspect_sentiment_score,market,aspect_h,vader_raw,vader_domain
101,Twitter,2025-01-02,Sydney,"SkyQuest cancelled my flight without warning. No email, nothing!",skyquest cancelled flight no warning no email,en,0,Communication,no warning,Negative,-0.82,Domestic (AU),Communication,0.2996,-0.2579
102,Twitter,2025-01-03,Melbourne,Waiting 6 hours for updates. Support is not responding.,waiting 6 hours updates support not responding,en,0,Customer Support,not responding,Negative,-0.76,Domestic (AU),Customer Support,0.4019,-0.4382
103,Facebook,2025-01-03,Auckland,Refund process is confusing. Website kept crashing.,refund process confusing website crashing,en,0,Refund Process,refund process confusing,Negative,-0.55,International,Refund Process,-0.2263,-0.6808
104,Facebook,2025-01-04,Doha,Crew were helpful but baggage was delayed again.,crew helpful baggage delayed again,en,0,Baggage Handling,baggage delayed,Mixed,-0.2,International,Baggage & Luggage,-0.1154,-0.3291
105,TripAdvisor,2025-01-04,Singapore,Terrible communication. Nobody told us the flight was rescheduled.,terrible communication not told flight rescheduled,en,0,Communication,not told flight rescheduled,Negative,-0.88,International,Communication,-0.4767,-0.6486
106,TripAdvisor,2025-01-05,Tokyo,Great staff. They tried their best despite the chaos.,great staff tried best despite chaos,en,0,Crew Service,great staff,Positive,0.65,International,Crew Service,0.9062,0.8862
107,Twitter,2025-01-05,Perth,Lost luggage for the 2nd time this year. SkyQuest do better.,lost luggage second time skyquest do better,en,0,Luggage,lost luggage,Negative,-0.91,Domestic (AU),Baggage & Luggage,0.1531,0.0258
108,Facebook,2025-01-06,Sydney,Finally received my refund! Took too long though.,received refund took too long,en,0,Refund Process,refund took too long,Mixed,-0.1,Domestic (AU),Refund Process,0.0,0.0
109,Twitter,2025-01-06,Brisbane,Unexpected delays but pilot did a great job on landing.,unexpected delays pilot great landing,en,0,Flight Experience,great landing,Positive,0.72,Domestic (AU),Flight Experience,0.7684,0.7096
